Date,DayOfWeek,Month,Year,Inventory,TermsOfTrade,Margins,Price
2023-01-01,6,1,2023,152,0.14374639805765788,0.22721415274596501,42.79172729654889
2023-01-02,0,1,2023,142,0.1066588921160254,0.1442126742907457,38.8297477867592
2023-01-03,1,1,2023,64,0.17548472199384996,0.29567945576011917,15.291248423016416
2023-01-04,2,1,2023,156,0.13811804063511118,0.2496383811957995,48.034404202438736
2023-01-05,3,1,2023,121,0.09410670188314574,0.21156264510221398,11.668006770347546
2023-01-06,4,1,2023,70,0.15710887996847425,0.13611891963506018,35.57974672102588
2023-01-07,5,1,2023,152,0.1291471595217179,0.11077164139960523,15.120059756716062
2023-01-08,6,1,2023,171,0.13016838368858705,0.1640119665041967,24.41212919483336
2023-01-09,0,1,2023,124,0.1221631922581379,0.25063746718268054,37.3621953625056
2023-01-10,1,1,2023,137,0.12455179232318736,0.153866259660405,30.3496088914871
2023-01-11,2,1,2023,166,0.16480344215993611,0.207911244099101,24.237582409765025
2023-01-12,3,1,2023,149,0.06544722189969733,0.24558943534614863,19.685229391939423
2023-01-13,4,1,2023,153,0.10015442169657233,0.12158874292929288,42.784684506895566
2023-01-14,5,1,2023,180,0.06132550457058339,0.23705960322317468,11.471645764166617
2023-01-15,6,1,2023,199,0.16298693311211765,0.11837417754200895,24.354629443841002
2023-01-16,0,1,2023,102,0.09084527820804492,0.2930259484253993,45.6690907298814
2023-01-17,1,1,2023,51,0.18461456147283267,0.19767882601298792,43.06322977069855
2023-01-18,2,1,2023,137,0.12898676999889408,0.1301352215419755,23.0423793112871
2023-01-19,3,1,2023,87,0.17011246572291816,0.1684767272067093,39.339876362058874
2023-01-20,4,1,2023,179,0.1968397153423942,0.1826832898590523,42.042237381898666
2023-01-21,5,1,2023,70,0.17596832891848563,0.2516370022153075,44.999934080163335
2023-01-22,6,1,2023,107,0.18004906400172854,0.24868475721532185,29.50275960721526
2023-01-23,0,1,2023,71,0.11119767430472671,0.2223881010674662,14.20073987246203
2023-01-24,1,1,2023,138,0.132758389288901,0.1211861425116986,16.488908442676923
2023-01-25,2,1,2023,98,0.08808328460649564,0.13031387431753472,18.30626033187219
2023-01-26,3,1,2023,108,0.07941696495401793,0.11875138412911133,31.7211116364327
2023-01-27,4,1,2023,64,0.12582618186590508,0.21543455665751,6.47643308578738
2023-01-28,5,1,2023,100,0.1392573469550631,0.2754276883022808,33.62191109509857
2023-01-29,6,1,2023,157,0.10089068688442865,0.18676010245095437,21.39594072927044
2023-01-30,0,1,2023,104,0.13541652766452505,0.13216963479154925,18.2858811120339
2023-01-31,1,1,2023,113,0.18311907237702546,0.2116084650297934,44.57734568276569
2023-02-01,2,2,2023,180,0.13350823771750492,0.26235044337314195,25.70010780113595
2023-02-02,3,2,2023,100,0.158121964446576,0.248342412302586,9.277387048971175
2023-02-03,4,2,2023,184,0.17079724510368577,0.2762901559350043,42.203604561181116
2023-02-04,5,2,2023,70,0.19830931729331647,0.15558041944977358,7.143856584642797
2023-02-05,6,2,2023,122,0.14047961032654696,0.13879077345355498,37.70371508756885
2023-02-06,0,2,2023,67,0.17102752234438792,0.27596329718838775,39.82577997967993
2023-02-07,1,2,2023,181,0.19439739778323123,0.2315120625556046,20.867117266798616
2023-02-08,2,2,2023,138,0.19166145883659103,0.16218578600151085,42.1154535325004
2023-02-09,3,2,2023,109,0.07116227731665704,0.24846961011450183,28.204673263540403
2023-02-10,4,2,2023,63,0.11095884624102831,0.26302367689607353,25.848214397275857
2023-02-11,5,2,2023,58,0.09859850916601995,0.22299564806822647,7.043147666091165
2023-02-12,6,2,2023,139,0.0630387522425524,0.237576821975983,18.051313714200766
2023-02-13,0,2,2023,102,0.1449861162366441,0.17505198088853327,46.89544868983849
2023-02-14,1,2,2023,179,0.16038569197940036,0.2077391334686078,22.6320783477575
2023-02-15,2,2,2023,133,0.17721921432003257,0.20483183414523243,29.601523425054573
2023-02-16,3,2,2023,141,0.06841653344940628,0.2696095582261544,28.94097555429133
2023-02-17,4,2,2023,160,0.1814666113812941,0.2679927960564365,31.5693990420212
2023-02-18,5,2,2023,57,0.14643883454213802,0.26653609386940863,7.759893003947718
2023-02-19,6,2,2023,84,0.15559192027077645,0.10220632285249316,21.297931465942774
2023-02-20,0,2,2023,130,0.18659360053104562,0.24990909689377763,37.540772324714936
2023-02-21,1,2,2023,99,0.14371419065648766,0.25173527802220097,14.025211298284232
2023-02-22,2,2,2023,153,0.10037987857247527,0.23567576457102837,14.161026989586219
2023-02-23,3,2,2023,181,0.17376609971339899,0.25125293157829054,5.454077301006112
2023-02-24,4,2,2023,51,0.10445888182926359,0.2683940742993417,24.68668669736944
2023-02-25,5,2,2023,183,0.05513421662307937,0.19406381082035712,44.72304713030399
2023-02-26,6,2,2023,103,0.1745981759847875,0.20041004269768942,7.335542461428906
2023-02-27,0,2,2023,155,0.10177882173219135,0.1249428113822781,13.600341927320118
2023-02-28,1,2,2023,53,0.16607517848020106,0.17707517660947236,18.95380422542398
2023-03-01,2,3,2023,103,0.10441368419989183,0.22867303598235686,37.92761314538958
2023-03-02,3,3,2023,195,0.17916020299620827,0.2560799552294549,33.82860167611639
2023-03-03,4,3,2023,93,0.08292657876214382,0.14344181953824212,23.717475706183478
2023-03-04,5,3,2023,63,0.19618208977983054,0.12756457983184707,39.158102266626905
2023-03-05,6,3,2023,144,0.16696381621820464,0.23260840090009843,32.43339552456059
2023-03-06,0,3,2023,97,0.06713568888805953,0.10037597670498213,45.32183598457486
2023-03-07,1,3,2023,64,0.1348664929949841,0.13567451686146598,41.811203711241184
2023-03-08,2,3,2023,89,0.19780509683626024,0.10581427606879075,16.376612274014025
2023-03-09,3,3,2023,131,0.12065981790407217,0.1333770235709742,17.21473599353901
2023-03-10,4,3,2023,160,0.07731607082323749,0.13626385598510105,10.641041410657353
2023-03-11,5,3,2023,102,0.12271675507255193,0.17753471895007883,20.16341265728554
2023-03-12,6,3,2023,73,0.12686864838228826,0.1804654249373112,49.97947634235924
2023-03-13,0,3,2023,173,0.16125304163429985,0.27485249412204754,23.258802587677746
2023-03-14,1,3,2023,90,0.1548268779741357,0.20202194249976502,14.921979561009788
2023-03-15,2,3,2023,64,0.11038250653954709,0.24468095312245725,39.311729801399885
2023-03-16,3,3,2023,94,0.08270346612411297,0.12082747158405749,29.411195155819524
2023-03-17,4,3,2023,114,0.14675812516539943,0.14508775109273878,11.732065228712864
2023-03-18,5,3,2023,138,0.11325559018299228,0.24058868819573534,22.13103565223896
2023-03-19,6,3,2023,120,0.06984143166879957,0.11056079209370562,23.651137199270448
2023-03-20,0,3,2023,58,0.1850858451854579,0.1973195324487506,38.92233652561484
2023-03-21,1,3,2023,137,0.15368327864144818,0.21987379313258676,5.930211600135701
2023-03-22,2,3,2023,178,0.15247757846682222,0.2204291288104962,17.10588410592397
2023-03-23,3,3,2023,185,0.17338758138675112,0.1045865622536084,28.29183355919849
2023-03-24,4,3,2023,112,0.12944925179826217,0.1644216008458371,17.098103410377952
2023-03-25,5,3,2023,188,0.1722581642603686,0.2272981302098308,33.27953213385495
2023-03-26,6,3,2023,130,0.12471361302665088,0.1297999472298487,26.684036567357747
2023-03-27,0,3,2023,185,0.06007630998735652,0.23908312966561066,21.27696146868113
2023-03-28,1,3,2023,82,0.11078721320415333,0.2491850417627349,47.71438820917305
2023-03-29,2,3,2023,172,0.1246197340969836,0.29639383808922903,33.44717746339059
2023-03-30,3,3,2023,54,0.1580303872448444,0.14196839897128188,10.847361752057356
2023-03-31,4,3,2023,90,0.06598680951930117,0.265026133533223,30.204126384952797
2023-04-01,5,4,2023,77,0.07100278079906736,0.2040593153837308,40.13293339404054
2023-04-02,6,4,2023,184,0.08955257039519247,0.1746925192288347,36.88203638717588
2023-04-03,0,4,2023,121,0.08997475900563234,0.12447535146503559,12.744015318286673
2023-04-04,1,4,2023,61,0.1598276867688594,0.24710112129750753,48.75889995680465
2023-04-05,2,4,2023,82,0.08760959908423968,0.1471715198287374,25.19661405859727
2023-04-06,3,4,2023,97,0.14496470950361715,0.17428440037460916,12.156125168311759
2023-04-07,4,4,2023,111,0.12414107752074073,0.11250844537947369,13.108808935766657
2023-04-08,5,4,2023,86,0.13599415672691012,0.2602733831639038,9.420574648508623
2023-04-09,6,4,2023,148,0.17571604447674438,0.2533177047943287,41.158314879572046
2023-04-10,0,4,2023,153,0.11065722523235366,0.24672316600846247,10.49137224448319
2023-04-11,1,4,2023,84,0.16563670655964058,0.15988870209837733,10.630636571378613
2023-04-12,2,4,2023,150,0.11330540893260312,0.13469601485319144,43.2712226642377
2023-04-13,3,4,2023,180,0.10308070648418743,0.22751065289404596,20.507183800140183
2023-04-14,4,4,2023,50,0.1937940765969831,0.19923327682264388,6.38860569386326
2023-04-15,5,4,2023,54,0.07765563810184449,0.13565049338092833,7.33528847832849
2023-04-16,6,4,2023,191,0.06355054408664118,0.23718225420997274,11.397670101675299
2023-04-17,0,4,2023,152,0.16564788883032178,0.2982252863642607,14.602700658906029
2023-04-18,1,4,2023,76,0.06023745580311374,0.24944391754840753,34.93157874072824
2023-04-19,2,4,2023,186,0.17556184860545443,0.24799727733712235,12.079682600082272
2023-04-20,3,4,2023,64,0.11557900945358654,0.2900625505861183,10.34934760296824
2023-04-21,4,4,2023,139,0.18732705159378715,0.14058727351498043,39.41236136643256
2023-04-22,5,4,2023,91,0.15822992916828588,0.21310999298428807,35.19748777369615
2023-04-23,6,4,2023,173,0.14156070005119364,0.29592934300677665,24.58958996548563
2023-04-24,0,4,2023,112,0.19239601955866487,0.13305882219403492,29.718939716604677
2023-04-25,1,4,2023,145,0.10949740595780816,0.2400503918889042,19.03928091468883
2023-04-26,2,4,2023,101,0.19311304048094496,0.21716202919438038,26.71251891059123
2023-04-27,3,4,2023,145,0.07025019161318105,0.21729581843774137,27.80026920422356
2023-04-28,4,4,2023,181,0.12256324128986193,0.239534125504015,22.425677203014317
2023-04-29,5,4,2023,192,0.09048668335882924,0.28592338457513683,45.79574948024732
2023-04-30,6,4,2023,78,0.13097641683622901,0.25651638797026755,5.7227839241452765
2023-05-01,0,5,2023,85,0.0743020816837377,0.111227220683242,40.197706839106075
2023-05-02,1,5,2023,62,0.1762294490465065,0.27054560397514227,10.597227405859595
2023-05-03,2,5,2023,120,0.1769611773971836,0.14510826598514653,40.889631224173975
2023-05-04,3,5,2023,135,0.1932854469085219,0.1753828329472744,32.716036205452454
2023-05-05,4,5,2023,77,0.07320082113248544,0.1923465627224764,42.94751409213811
2023-05-06,5,5,2023,115,0.14349988263574864,0.1961812001506139,9.388144653840385
2023-05-07,6,5,2023,94,0.12113559630505545,0.18703607985107135,30.154128534489832
2023-05-08,0,5,2023,111,0.10165755980663499,0.2874706588431729,27.54895461179887
2023-05-09,1,5,2023,183,0.10273102417013283,0.2412038015328049,36.778693233351134
2023-05-10,2,5,2023,77,0.11191903259101285,0.22623412919134125,29.04307483521541
2023-05-11,3,5,2023,77,0.15573883245334297,0.10996840555658832,29.33305552098969
2023-05-12,4,5,2023,157,0.13974290874022322,0.2807826660520749,24.33181746092291
2023-05-13,5,5,2023,93,0.11895222691416968,0.28187803840167924,18.897549080330336
2023-05-14,6,5,2023,133,0.06139001155544332,0.25604261268602047,26.701896256348647
2023-05-15,0,5,2023,79,0.06166480161184357,0.10140584076272384,10.332156144578025
2023-05-16,1,5,2023,124,0.05035090859386674,0.11145605021552468,48.26810025423882
2023-05-17,2,5,2023,177,0.19515490823106302,0.14504474045369795,37.14848436319692
2023-05-18,3,5,2023,141,0.05078807278375774,0.12626988162898134,47.8610202509531
2023-05-19,4,5,2023,178,0.06546406190206173,0.17976720594074588,15.202732204848347
2023-05-20,5,5,2023,170,0.09718948352141164,0.28452461161755793,44.57034590794376
2023-05-21,6,5,2023,76,0.1711145377725142,0.19441208683939964,41.39554930535923
2023-05-22,0,5,2023,170,0.19431481786461768,0.10268052528643312,35.471858560595315
2023-05-23,1,5,2023,165,0.16850203381877843,0.1565491379157524,33.12631337383426
2023-05-24,2,5,2023,52,0.1535840348668461,0.10891898167459231,19.244734937054147
2023-05-25,3,5,2023,152,0.12819510011203544,0.10725752452270043,41.73848532342638
2023-05-26,4,5,2023,186,0.06300578177932754,0.15514397061911045,27.568195766588023
2023-05-27,5,5,2023,111,0.1937256189505896,0.15512246773578908,8.19012091510784
2023-05-28,6,5,2023,100,0.16375886209185225,0.2574253205203208,19.07884223848085
2023-05-29,0,5,2023,108,0.1458424078001393,0.29496693055622236,47.08836943453974
2023-05-30,1,5,2023,167,0.16385537683082751,0.17424141877799965,43.28061172721808
2023-05-31,2,5,2023,145,0.1586154993909708,0.1857773757722077,49.18575641344426
2023-06-01,3,6,2023,162,0.14558473696842306,0.26895788725720426,33.25970221718441
2023-06-02,4,6,2023,111,0.19708652002699822,0.15362780401910267,16.13795329131854
2023-06-03,5,6,2023,101,0.18550457189540376,0.13127636088068959,12.32667723545887
2023-06-04,6,6,2023,61,0.14699973786757453,0.2706179246807301,13.411149827380774
2023-06-05,0,6,2023,88,0.15397628171853872,0.1093001172880131,5.890804625626448
2023-06-06,1,6,2023,179,0.0577393709988065,0.22393988803988313,22.580694994367263
2023-06-07,2,6,2023,180,0.1504876196825059,0.21239856949336133,13.614245622479412
2023-06-08,3,6,2023,162,0.05662481565651503,0.16918408950033886,23.52449572055161
2023-06-09,4,6,2023,150,0.13823956354548966,0.16303790421947179,47.07474943274444
2023-06-10,5,6,2023,162,0.19990302493487527,0.2543715452363242,24.374309427823547
2023-06-11,6,6,2023,130,0.13337098721557694,0.1172849221525093,44.50930236431757
2023-06-12,0,6,2023,162,0.12098151771220002,0.1473568618622771,32.24771449771444
2023-06-13,1,6,2023,51,0.09692822847583814,0.24648974636761795,16.120919959762638
2023-06-14,2,6,2023,179,0.06807838681796967,0.20966411674528485,21.013464166664512
2023-06-15,3,6,2023,103,0.15965355071874227,0.12559764170671728,8.776379111964324
2023-06-16,4,6,2023,136,0.07888985416784457,0.276427122856412,20.005816711820472
2023-06-17,5,6,2023,178,0.06729230318709266,0.17868956931271832,35.489342547659035
2023-06-18,6,6,2023,196,0.11326439895957689,0.2655736750644345,8.244999181824584
2023-06-19,0,6,2023,175,0.16930127569386463,0.2575426031055417,14.24306338151132
2023-06-20,1,6,2023,179,0.16175968221803308,0.22488508929434559,22.164846863599017
2023-06-21,2,6,2023,102,0.05823239219697124,0.1988962262590186,49.19222916571832
2023-06-22,3,6,2023,117,0.11827155275542343,0.2959101680763514,40.31878203314961
2023-06-23,4,6,2023,172,0.12836518641067535,0.1289930144759634,38.006903592144674
2023-06-24,5,6,2023,194,0.14668199759387335,0.24503114551022295,10.22859304364507
2023-06-25,6,6,2023,87,0.14752510256648424,0.1382381402929578,40.144815212674615
2023-06-26,0,6,2023,73,0.1047045874185959,0.16765262106646966,40.33709651822068
2023-06-27,1,6,2023,118,0.1341015791005271,0.16173974867463906,32.04962130309477
2023-06-28,2,6,2023,165,0.12215928257661297,0.2894071975477446,49.56628018992674
2023-06-29,3,6,2023,147,0.1827497534784922,0.29347123555765503,19.636425766604837
2023-06-30,4,6,2023,188,0.12953976989523502,0.13660308884694544,47.35726017088332
2023-07-01,5,7,2023,193,0.11615482426222426,0.10440703205950085,46.162900173042665
2023-07-02,6,7,2023,146,0.11067281745227762,0.24400160793262263,5.516629688722003
2023-07-03,0,7,2023,173,0.13586416391501988,0.18359798677409686,25.2552436913665
2023-07-04,1,7,2023,119,0.17059654691013465,0.11776804901751288,48.969690487320804
2023-07-05,2,7,2023,142,0.13076022355711814,0.2367508211154085,9.64046130836341
2023-07-06,3,7,2023,52,0.14924827626208126,0.20902110565213994,29.650311247249377
2023-07-07,4,7,2023,197,0.16067836503597877,0.2961033644002212,49.05308781684968
2023-07-08,5,7,2023,196,0.1280252164818098,0.14548189917227577,29.99729408476371
2023-07-09,6,7,2023,139,0.11402255849822966,0.18079557526530965,13.54168863374702
2023-07-10,0,7,2023,196,0.18149980667936744,0.2085091606790846,31.198245354166538
2023-07-11,1,7,2023,197,0.11262591260418384,0.2583399976906703,14.199825827729608
2023-07-12,2,7,2023,145,0.11929142758633815,0.20976773134401172,28.38669183025179
2023-07-13,3,7,2023,101,0.1985511970012666,0.22258003217238984,8.33189980605566
2023-07-14,4,7,2023,177,0.05003562853638269,0.14522941031798814,32.24672011464821
2023-07-15,5,7,2023,88,0.07782093643650838,0.26938374561771194,28.25554726076712
2023-07-16,6,7,2023,131,0.10759458348795888,0.18572610939409515,38.30726159426584
2023-07-17,0,7,2023,153,0.18988848641378797,0.12819192550435385,33.38152120214532
2023-07-18,1,7,2023,178,0.06050445586212066,0.23283758290108347,29.73228208388405
2023-07-19,2,7,2023,60,0.05142281504427471,0.1432180906370615,36.04004821616545
2023-07-20,3,7,2023,91,0.05790257539658429,0.11951250204785996,11.477386110750388
2023-07-21,4,7,2023,148,0.06328151159204273,0.2723973816808545,31.791184756637183
2023-07-22,5,7,2023,56,0.055639515980939136,0.19203245289768794,12.744977127024995
2023-07-23,6,7,2023,193,0.12196719902847573,0.24985674253915527,46.64849935333464
2023-07-24,0,7,2023,139,0.13711358108409916,0.15811751196127102,8.075034718052189
2023-07-25,1,7,2023,161,0.09075304566035061,0.25739402698353325,24.366863736085698
2023-07-26,2,7,2023,109,0.10974310759634534,0.12238718540430607,36.31088649449502
2023-07-27,3,7,2023,162,0.06375490026671453,0.17119467475897054,25.610999525071644
2023-07-28,4,7,2023,51,0.10045556957426333,0.29561236359470566,9.144286395480606
2023-07-29,5,7,2023,178,0.12837787874517848,0.25879794327360117,29.902055725701832
2023-07-30,6,7,2023,97,0.15984077107769679,0.19945118606293763,33.873435897230955
2023-07-31,0,7,2023,189,0.05050195430644688,0.16795549431237702,36.670653994572845
2023-08-01,1,8,2023,86,0.1200966149806479,0.2744271400044953,21.79669165082415
2023-08-02,2,8,2023,58,0.09455043146823233,0.20896955181690313,30.364698696294298
2023-08-03,3,8,2023,148,0.1779232732537852,0.2516850035738222,25.28089137225109
2023-08-04,4,8,2023,196,0.1573329972851363,0.25082153606323276,35.2425217438514
2023-08-05,5,8,2023,97,0.13836628017063424,0.10358913571369838,31.260063529616833
2023-08-06,6,8,2023,180,0.09158984685451604,0.1252507565585227,28.659029880161068
2023-08-07,0,8,2023,197,0.1865508653086302,0.23192587327894845,16.22859650772119
2023-08-08,1,8,2023,103,0.05676510158304848,0.1323239622571743,5.0908332986705265
2023-08-09,2,8,2023,169,0.06642013980186728,0.15109866893112095,12.833675389014317
2023-08-10,3,8,2023,165,0.10874452108105342,0.28932759083992143,10.267971864087588
2023-08-11,4,8,2023,124,0.06866563359452846,0.21203645167498236,25.208813525492605
2023-08-12,5,8,2023,162,0.19346235463391376,0.2501459013998694,32.55161678428301
2023-08-13,6,8,2023,153,0.16969839832150752,0.21159614775652796,14.588825390816368
2023-08-14,0,8,2023,133,0.08884739774027206,0.21050272295654504,47.25756931852342
2023-08-15,1,8,2023,161,0.13828313434598682,0.11883038202513958,5.30069581507495
2023-08-16,2,8,2023,148,0.19734957726201224,0.1687326385218206,39.75354568244043
2023-08-17,3,8,2023,142,0.18262984671972549,0.15648617973730233,33.1342146288699
2023-08-18,4,8,2023,195,0.14011976696632972,0.17814567312272264,21.809966047145686
2023-08-19,5,8,2023,177,0.18555859507629058,0.25966883764486565,7.272002498558356
2023-08-20,6,8,2023,159,0.19837773647200385,0.17438653358337297,33.236895730292574
2023-08-21,0,8,2023,131,0.16150292343404365,0.19033936384633654,22.352608078954162
2023-08-22,1,8,2023,103,0.059747961422434104,0.1794762780970633,47.13202127359486
2023-08-23,2,8,2023,117,0.11023703546382313,0.11868159439505913,29.389553370039465
2023-08-24,3,8,2023,82,0.17567386029248683,0.18821443165015672,47.28431800820787
2023-08-25,4,8,2023,191,0.08458537937075286,0.139121854608903,14.921766206298685
2023-08-26,5,8,2023,70,0.17459637766259373,0.1373446591546083,37.65766596638465
2023-08-27,6,8,2023,97,0.0680508143052494,0.11880722088685328,32.77620593819266
2023-08-28,0,8,2023,197,0.05704180357217195,0.17133419482835294,38.27337034240903
2023-08-29,1,8,2023,177,0.10761359172368745,0.25149637695788346,14.660053878764156
2023-08-30,2,8,2023,185,0.05550979061399205,0.15528833811667922,34.92475323069982
2023-08-31,3,8,2023,184,0.19359053944749888,0.16246982037710272,27.411817687559104
2023-09-01,4,9,2023,194,0.1739308543690949,0.2285349315344847,38.42712387078423
2023-09-02,5,9,2023,177,0.17011545306948128,0.1391681625173838,19.7170089868318
2023-09-03,6,9,2023,82,0.14446668844942298,0.2793915860847068,45.05256614593637
2023-09-04,0,9,2023,164,0.08244860345548304,0.2040381046503109,8.793559157510767
2023-09-05,1,9,2023,168,0.12773905500145882,0.18952058806404337,41.323519345603465
2023-09-06,2,9,2023,71,0.13959111086455117,0.21156403838584026,43.75938316167909
2023-09-07,3,9,2023,87,0.12875472512904024,0.13320686268323909,41.77635401150695
2023-09-08,4,9,2023,158,0.08903500519272911,0.22269462772783527,28.07268774177992
2023-09-09,5,9,2023,100,0.1272871886472089,0.1726201473268021,24.72732410138426
2023-09-10,6,9,2023,57,0.12367795113029399,0.2794372681929238,49.831802893619454
2023-09-11,0,9,2023,76,0.19945036637100866,0.13377084133553724,15.312737804637296
2023-09-12,1,9,2023,76,0.1846154222069306,0.2014102207730882,29.609418464422006
2023-09-13,2,9,2023,70,0.119507112232343,0.2196225258738036,35.18039864220465
2023-09-14,3,9,2023,79,0.14344060744026782,0.10667672035727625,36.539043613764434
2023-09-15,4,9,2023,146,0.1621807406138343,0.17273862495122805,14.181109958236041
2023-09-16,5,9,2023,77,0.05522977403507374,0.24652704694016656,34.42973415529106
2023-09-17,6,9,2023,160,0.18423821618417602,0.26407550148979464,41.826630491660175
2023-09-18,0,9,2023,110,0.17901902246268858,0.16263239896345646,7.25083595695005
2023-09-19,1,9,2023,97,0.11861481466605611,0.25971865447655024,46.01845819963924
2023-09-20,2,9,2023,196,0.10867546491205698,0.29355117542067777,6.327682481534267
2023-09-21,3,9,2023,53,0.09094390622844725,0.27137478721501884,21.018696461977747
2023-09-22,4,9,2023,84,0.12150152424955528,0.12352879763186504,5.711593830483293
2023-09-23,5,9,2023,98,0.05665649952998552,0.24794606641710812,8.471532584281185
2023-09-24,6,9,2023,66,0.1778290300020512,0.16393336648810894,46.00257283310356
2023-09-25,0,9,2023,95,0.05531335526278176,0.29768319788241526,20.968737383576652
2023-09-26,1,9,2023,166,0.09935770480548066,0.19707179663197744,24.11471886912738
2023-09-27,2,9,2023,55,0.1897384232478485,0.12448677967178821,14.690497162214868
2023-09-28,3,9,2023,148,0.16028189817851793,0.24503710960547814,31.86930965840239
2023-09-29,4,9,2023,173,0.09220864408662902,0.16460223967724277,31.766144660500533
2023-09-30,5,9,2023,86,0.08789736409413276,0.2994156314163323,21.749017632134866
2023-10-01,6,10,2023,73,0.050762320972703896,0.29595649157090437,19.986569231242925
2023-10-02,0,10,2023,142,0.15435714392746253,0.23122680360411613,44.82339386812645
2023-10-03,1,10,2023,95,0.057317537250975964,0.12596528979034352,22.247790783899063
2023-10-04,2,10,2023,144,0.12989037791011432,0.2373721995350058,27.20754464694837
2023-10-05,3,10,2023,148,0.1943182958888075,0.11860609729200544,17.74871430912188
2023-10-06,4,10,2023,165,0.06642032900816809,0.10587283182047846,40.40462765107073
2023-10-07,5,10,2023,116,0.18417198964521014,0.2645916892442972,22.885167060459125
2023-10-08,6,10,2023,177,0.19872130027175727,0.14195058953673628,28.112497094494604
2023-10-09,0,10,2023,67,0.05922755393588526,0.17580542524381948,16.401072652684764
2023-10-10,1,10,2023,74,0.18243594037061922,0.29469147799523465,49.44468165535633
2023-10-11,2,10,2023,103,0.1274118530665425,0.16736810037222066,18.11730834156753
2023-10-12,3,10,2023,107,0.185977057916687,0.15929795625666304,39.683413890749826
2023-10-13,4,10,2023,116,0.13569784128793613,0.28364159992455507,24.237304266054164
2023-10-14,5,10,2023,153,0.1493168015159847,0.12214968906379163,14.279783228786295
2023-10-15,6,10,2023,73,0.1315668361996099,0.2519164820229264,40.987344378418754
2023-10-16,0,10,2023,163,0.17967393204610227,0.2976131133305548,20.012305506306944
2023-10-17,1,10,2023,81,0.1600864878430553,0.2802592021549297,43.9337006329015
2023-10-18,2,10,2023,135,0.12818904682706225,0.23033358374128518,46.186573321302035
2023-10-19,3,10,2023,176,0.18022412060773207,0.1628121589985464,43.69207259260742
2023-10-20,4,10,2023,179,0.0867928298383002,0.15086439623566333,6.575356166306254
2023-10-21,5,10,2023,66,0.0736010989553789,0.26385102097429225,40.431800525229754
2023-10-22,6,10,2023,153,0.07406001579951083,0.2759643827903391,23.510275992461473
2023-10-23,0,10,2023,186,0.10010133181178568,0.20508698250913857,44.31753140820013
2023-10-24,1,10,2023,92,0.08580350469515263,0.14886798815729324,33.70794182081325
2023-10-25,2,10,2023,88,0.1895135525764608,0.12258864168223471,42.51394103647813
2023-10-26,3,10,2023,75,0.0658751140742876,0.11743589356636625,27.47442964400759
2023-10-27,4,10,2023,148,0.15484861070593817,0.2438154894707711,29.07614770695198
2023-10-28,5,10,2023,99,0.07838323096775089,0.18402374556954498,11.497443446015026
2023-10-29,6,10,2023,62,0.18224556991555257,0.28107197485557406,40.27943114102099
2023-10-30,0,10,2023,109,0.19419729322773616,0.24793426014535272,23.872532525013725
2023-10-31,1,10,2023,184,0.11982050131549755,0.13825208358291735,27.50360532222122
2023-11-01,2,11,2023,106,0.18186072203421977,0.2227554837631398,40.329397134306845
2023-11-02,3,11,2023,85,0.05077177561320722,0.18710109087963187,31.948043003574753
2023-11-03,4,11,2023,69,0.17299203761121504,0.2154499461537226,14.049442734920035
2023-11-04,5,11,2023,114,0.08429377422873854,0.24761382466770343,31.560469661790172
2023-11-05,6,11,2023,57,0.18630519639040521,0.26123917620075815,23.34347860908451
2023-11-06,0,11,2023,193,0.05016801672201643,0.26874746528134486,26.12864939197382
2023-11-07,1,11,2023,191,0.13342726025596358,0.15079497491440494,6.27400734812005
2023-11-08,2,11,2023,164,0.16349537056774022,0.10622311998347155,14.451320728232671
2023-11-09,3,11,2023,192,0.0888032496046862,0.24785894703295464,17.646713662146272
2023-11-10,4,11,2023,141,0.07896992968809396,0.12126874525115493,37.08320035364626
2023-11-11,5,11,2023,147,0.06261473367019771,0.16298391772259352,5.517161298415189
2023-11-12,6,11,2023,115,0.09896503647549396,0.10076342682486944,23.394976755310942
2023-11-13,0,11,2023,81,0.13397664684632443,0.23633389648032402,46.58120916915798
2023-11-14,1,11,2023,135,0.06737657851703865,0.13342640229424424,10.034627744710573
2023-11-15,2,11,2023,100,0.10650430429801983,0.23105648193833164,28.239097469837496
2023-11-16,3,11,2023,112,0.051360860697908746,0.29834852343356777,40.393507207588115
2023-11-17,4,11,2023,174,0.17280191307497628,0.11453417432200326,47.41390883840525
2023-11-18,5,11,2023,199,0.06926730771397871,0.11541560239029214,38.604948779017306
2023-11-19,6,11,2023,107,0.09250144223983725,0.16807601853333498,37.42544968899828
2023-11-20,0,11,2023,107,0.052764157810732626,0.2732773028502684,42.19196405880931
2023-11-21,1,11,2023,135,0.11483611758387685,0.14310597375826636,25.079054943989465
2023-11-22,2,11,2023,98,0.17601822541118284,0.17207556398606952,41.26300396780249
2023-11-23,3,11,2023,119,0.1088226817167795,0.11370108132539591,5.358398213545301
2023-11-24,4,11,2023,64,0.07692459851357501,0.2526310582517779,46.60524749195622
2023-11-25,5,11,2023,103,0.1630548251075779,0.18166126855189021,24.94879292827289
2023-11-26,6,11,2023,150,0.16832104728061165,0.2518497466121685,29.902108453958643
2023-11-27,0,11,2023,57,0.07606302129613503,0.280721568869359,16.469701201169705
2023-11-28,1,11,2023,102,0.16562811628114849,0.14655262942025776,38.41388747781897
2023-11-29,2,11,2023,109,0.19209468323845075,0.26147920606799024,8.448611291386197
2023-11-30,3,11,2023,157,0.07495663803984086,0.11181877801565066,44.26861111460759
2023-12-01,4,12,2023,54,0.16564764387982034,0.2797694776360494,42.265257305285424
2023-12-02,5,12,2023,152,0.15628580069039444,0.23015370951174946,14.722705231014487
2023-12-03,6,12,2023,55,0.12103608326526329,0.2748453448276703,41.41959792283681
2023-12-04,0,12,2023,158,0.05868806908381975,0.10003767991131639,40.38609798776667
2023-12-05,1,12,2023,165,0.061204162663678105,0.1338162140711985,33.44974689892771
2023-12-06,2,12,2023,143,0.17786219887979715,0.17795187748529842,21.80840796048594
2023-12-07,3,12,2023,96,0.1985222559125971,0.1759005806749437,17.217443938184054
2023-12-08,4,12,2023,148,0.15140783857801318,0.14534607658470214,15.430261563020752
2023-12-09,5,12,2023,104,0.11689374605154823,0.17632238797344002,19.33740332436232
2023-12-10,6,12,2023,101,0.14713604651028617,0.12576974240005095,45.66012995446386
2023-12-11,0,12,2023,193,0.13915937888428181,0.1825522258532052,8.493834919495157
2023-12-12,1,12,2023,62,0.10754183906084328,0.26047086583185286,42.29920743138314
2023-12-13,2,12,2023,163,0.05984392168610195,0.19581401262067022,20.70005337688206
2023-12-14,3,12,2023,173,0.17322694211111617,0.103600017789043,28.47197282051112
2023-12-15,4,12,2023,155,0.1057750293858087,0.18428880831584948,40.75185351418208
2023-12-16,5,12,2023,196,0.17281784650356408,0.10543500321816884,44.796944616033706
2023-12-17,6,12,2023,194,0.08787631245325733,0.29324868214135963,20.515163903269116
2023-12-18,0,12,2023,169,0.05015442197684501,0.1254907918845738,25.782956657379966
2023-12-19,1,12,2023,112,0.07384074249151348,0.24153766526612375,23.653222916755652
2023-12-20,2,12,2023,68,0.12028091251528766,0.2945552645784172,5.596296507675975
2023-12-21,3,12,2023,141,0.1916455452436745,0.26520781033331436,18.317429998639547
2023-12-22,4,12,2023,107,0.06532904295405785,0.23986307502524074,25.663515517965283
2023-12-23,5,12,2023,139,0.17813146616923492,0.2678921819001534,23.49921239961979
2023-12-24,6,12,2023,166,0.12905361443177932,0.2963597386521255,37.48681523820557
2023-12-25,0,12,2023,111,0.1738881148699845,0.2242688994507059,22.316162774949646
2023-12-26,1,12,2023,72,0.0947561646484989,0.21183696136586527,27.02194020368016
2023-12-27,2,12,2023,176,0.1759920747008708,0.22564762209265626,24.33238664595635
2023-12-28,3,12,2023,186,0.1659234170025207,0.20653517735231097,38.32817670024667
2023-12-29,4,12,2023,189,0.0845080524547151,0.22701782118194375,43.833757954413315
2023-12-30,5,12,2023,178,0.06970026896140671,0.18996844159451184,28.935008555338136
2023-12-31,6,12,2023,107,0.18020814837984395,0.14368863657666142,40.524448738783605
2024-01-01,0,1,2024,171,0.19448549801601983,0.12404944530233514,18.355400690893276
2024-01-02,1,1,2024,50,0.05469534706212744,0.11366818710645209,29.361632457077093
2024-01-03,2,1,2024,83,0.15969051004605284,0.15266315675064002,20.535347915148762
2024-01-04,3,1,2024,145,0.18642867664217277,0.10922471286714677,23.639041650732363
2024-01-05,4,1,2024,175,0.1786040138138748,0.2134341559838771,37.95862391657008
2024-01-06,5,1,2024,167,0.1946780708405313,0.15676568940470406,44.67481170497207
2024-01-07,6,1,2024,97,0.1640141117657146,0.26490696161740646,10.467292598949443
2024-01-08,0,1,2024,138,0.11634481435713655,0.1148481745976773,33.55876654193212
2024-01-09,1,1,2024,166,0.09679279857426958,0.14527029886829718,31.196471341000933
2024-01-10,2,1,2024,178,0.09811141106571913,0.24604922941802918,10.328676762916935
2024-01-11,3,1,2024,65,0.15866340089211756,0.21976165927669827,14.53524486980491
2024-01-12,4,1,2024,118,0.16187555180464466,0.11289825424983352,18.99511226297061
2024-01-13,5,1,2024,71,0.0800538715323069,0.2754478914324401,12.511898186787565
2024-01-14,6,1,2024,142,0.18021842202357968,0.2754523525652359,15.96782671359538
2024-01-15,0,1,2024,125,0.15723860603033718,0.16608160077515477,17.04203594877684
2024-01-16,1,1,2024,193,0.1344125429515074,0.16808116866991293,20.105322486757682
2024-01-17,2,1,2024,135,0.12072986901537693,0.2978056716700348,38.722570376052154
2024-01-18,3,1,2024,78,0.13148492086849373,0.22523523431862763,30.73604917327703
2024-01-19,4,1,2024,118,0.07388686074188967,0.20626330411361182,49.381100237813065
2024-01-20,5,1,2024,96,0.08055518739144113,0.2676304367103849,23.663112213536195
2024-01-21,6,1,2024,143,0.06367467356092876,0.1570580676714633,38.923928322661624
2024-01-22,0,1,2024,193,0.07304870572416691,0.18583651867927137,44.21607896194402
2024-01-23,1,1,2024,134,0.11805404519079242,0.15355533509766683,35.554032186711886
2024-01-24,2,1,2024,88,0.12955315905923842,0.2578321693177463,23.53391331878732
2024-01-25,3,1,2024,149,0.05267928387174791,0.2146698691270436,38.91175838355888
2024-01-26,4,1,2024,82,0.16951967417960415,0.2317650140280141,14.165021199770818
2024-01-27,5,1,2024,150,0.0941251960015217,0.1504614499678813,19.739847433105957
2024-01-28,6,1,2024,72,0.18677540524398667,0.14404506027546302,29.600836479467993
2024-01-29,0,1,2024,59,0.1951266895420667,0.19767492579658774,30.893422427876676
2024-01-30,1,1,2024,118,0.07781883120149816,0.24751314981856534,5.996366396268326
2024-01-31,2,1,2024,149,0.11931459361484911,0.20504795150403204,47.53013849402039
2024-02-01,3,2,2024,83,0.050184775274963886,0.10652913550913373,36.348227204782546
2024-02-02,4,2,2024,187,0.13974908976836406,0.2737103012640577,27.306668760435098
2024-02-03,5,2,2024,196,0.1410959672394007,0.11293737870302632,46.990725548373874
2024-02-04,6,2,2024,145,0.08713099334050628,0.29116489674415047,24.759300436287283
2024-02-05,0,2,2024,50,0.1337619008874797,0.10502839165545455,49.11960066216673
2024-02-06,1,2,2024,118,0.08383102136656032,0.23889009122614174,28.052814075956828
2024-02-07,2,2,2024,53,0.07412382036172852,0.11644141274235634,10.142859649909076
2024-02-08,3,2,2024,65,0.14772792002033971,0.2821353158870279,39.41604376066748
2024-02-09,4,2,2024,73,0.09888881959281123,0.19288664724510857,35.55039762850282
2024-02-10,5,2,2024,129,0.1385395908328434,0.12750475496340308,39.7844024587514
2024-02-11,6,2,2024,51,0.11498701234574835,0.16816313995796933,47.814891292655645
2024-02-12,0,2,2024,177,0.19765271111043564,0.13296493506935242,39.942018619295816
2024-02-13,1,2,2024,133,0.07243709640013488,0.134116382311418,32.510147099749105
2024-02-14,2,2,2024,189,0.11968978949537154,0.28962166403428846,43.57890060623784
2024-02-15,3,2,2024,173,0.15206849395389882,0.18904922245695763,35.29608977095392
2024-02-16,4,2,2024,82,0.10933176258199531,0.2577604527810719,23.36535755716654
2024-02-17,5,2,2024,150,0.19620497778060353,0.22792111223553638,44.852889390879795
2024-02-18,6,2,2024,61,0.15828314418904027,0.23528527246767844,14.98552073529678
2024-02-19,0,2,2024,116,0.148547578634674,0.1263386876944077,37.15885737089259
2024-02-20,1,2,2024,114,0.1635588901416835,0.14683688936309713,44.670355472334066
2024-02-21,2,2,2024,123,0.1928972957058076,0.25735006703088736,37.909243386648335
2024-02-22,3,2,2024,92,0.18617279794769603,0.29415324129495657,36.37739385742356
2024-02-23,4,2,2024,93,0.15864279621896182,0.15253512851973033,38.86872323323262
2024-02-24,5,2,2024,78,0.1623742458651925,0.15431375295020797,25.927486173528997
2024-02-25,6,2,2024,190,0.07188831110527183,0.19457942656218097,44.33768069706617
2024-02-26,0,2,2024,61,0.06541886067389986,0.29676806257108757,14.154641381124105
2024-02-27,1,2,2024,144,0.13563567527662468,0.1537917891652942,10.732388720015269
2024-02-28,2,2,2024,95,0.052755145541081,0.18139438192685278,17.84789510533302
2024-02-29,3,2,2024,179,0.12235345723273874,0.2782960031247014,28.92098285487469
2024-03-01,4,3,2024,84,0.0815524369878303,0.10058420652427241,27.975280793420215
2024-03-02,5,3,2024,130,0.10190248514672595,0.10795319299771391,41.9269440954464
2024-03-03,6,3,2024,139,0.1663707103689434,0.22081433541424383,23.20558953818078
2024-03-04,0,3,2024,57,0.19118562563485803,0.2814760329425694,26.79549918311789
2024-03-05,1,3,2024,142,0.06086244082195123,0.14777133208038554,5.601545746672803
2024-03-06,2,3,2024,139,0.13013633089646678,0.1939283549361418,23.438265639932258
2024-03-07,3,3,2024,164,0.18238002287294003,0.19009306033156365,34.1498404827654
2024-03-08,4,3,2024,154,0.0623762801660632,0.19459426921910203,5.697874878196648
2024-03-09,5,3,2024,184,0.1736771070345251,0.22450393914594902,17.639688433380968
2024-03-10,6,3,2024,107,0.10367020263924072,0.19394875259813676,14.358036168022547
2024-03-11,0,3,2024,163,0.0983142053329003,0.18949362826449156,6.88934430093147
2024-03-12,1,3,2024,124,0.19661995794721787,0.1948576840862521,26.566704046154186
2024-03-13,2,3,2024,169,0.08012886347934413,0.2181734882542083,13.177548195267043
2024-03-14,3,3,2024,70,0.15397909112340216,0.20740149767027166,38.4386692834121
2024-03-15,4,3,2024,187,0.17321610920148,0.2708271995301008,43.156754769350684
2024-03-16,5,3,2024,150,0.056177524291890754,0.10989937069873333,29.55133322011165
2024-03-17,6,3,2024,148,0.15055781875316185,0.2666634142946025,49.17683041345137
2024-03-18,0,3,2024,85,0.19273249615329907,0.26878492252234476,25.27153571617679
2024-03-19,1,3,2024,145,0.06863299500920891,0.15698160430619218,28.101569460121198
2024-03-20,2,3,2024,86,0.18443319540275577,0.19257039100317014,49.514798928098756
2024-03-21,3,3,2024,61,0.13921649560654042,0.18770769770748708,15.419679618427196
2024-03-22,4,3,2024,162,0.14249068727937111,0.14370196687082606,47.414567285460734
2024-03-23,5,3,2024,62,0.1419416262298409,0.1793593694172633,6.927689980360096
2024-03-24,6,3,2024,72,0.09482538295059709,0.1088775544341709,25.087410061843766
2024-03-25,0,3,2024,148,0.19028027229491895,0.1555644145563469,8.15015804598796
2024-03-26,1,3,2024,154,0.1921025693946558,0.2633364350901436,37.81556343111394
2024-03-27,2,3,2024,79,0.1437956990320922,0.1569124603525795,32.3784021146008
2024-03-28,3,3,2024,66,0.16751340889124222,0.2636413337496495,36.79854185604184
2024-03-29,4,3,2024,162,0.1418386978821737,0.20631989292088615,21.851617998560762
2024-03-30,5,3,2024,111,0.1226597671361061,0.275972535472232,21.626687031412114
2024-03-31,6,3,2024,133,0.14912301774488762,0.21495591085288301,7.0393675532402575
2024-04-01,0,4,2024,161,0.1329502178887938,0.10593364461294796,20.74752227883379
2024-04-02,1,4,2024,135,0.13962137939478952,0.23508404150941783,46.817978101792676
2024-04-03,2,4,2024,190,0.1675748830128293,0.10897071360471373,22.065194173120204
2024-04-04,3,4,2024,68,0.12213557471734775,0.19011940379662678,42.41154677998865
2024-04-05,4,4,2024,149,0.056113115913870915,0.28588533889462275,42.90464771374703
2024-04-06,5,4,2024,189,0.07459992214842459,0.13304078786757004,21.795852037065522
2024-04-07,6,4,2024,196,0.11579108247343077,0.17797447058830881,33.43949061782851
2024-04-08,0,4,2024,125,0.15872398398110876,0.2459720617696957,9.291722102287638
2024-04-09,1,4,2024,58,0.13899179724652683,0.2764517112189695,9.665536133042442
2024-04-10,2,4,2024,77,0.14754412788101812,0.23418860094850158,7.189594864777099
2024-04-11,3,4,2024,177,0.12189183928644311,0.15163465083823385,31.145679201879926
2024-04-12,4,4,2024,101,0.14236130329133645,0.23492157058324323,24.173193993174365
2024-04-13,5,4,2024,132,0.09935261567219933,0.159345528220818,29.661456049890806
2024-04-14,6,4,2024,160,0.12052738890449978,0.24368584596374704,28.448293572877454
2024-04-15,0,4,2024,193,0.16164185983924334,0.2908066255170081,20.759134599082863
2024-04-16,1,4,2024,166,0.1807749168459682,0.24427869022125764,35.486303667056276
2024-04-17,2,4,2024,118,0.11504830009345834,0.2725761005824825,39.13258464123758
2024-04-18,3,4,2024,148,0.05654924865610418,0.10042076863517668,5.658271649495407
2024-04-19,4,4,2024,189,0.0742508816220204,0.24351442494631886,14.325903489599524
2024-04-20,5,4,2024,74,0.05312917089373072,0.2659175113730501,37.095614063750155
2024-04-21,6,4,2024,172,0.14798945288559953,0.10811174750893629,22.39790776852254
2024-04-22,0,4,2024,102,0.09984719380326634,0.27431954545764614,34.81177761237237
2024-04-23,1,4,2024,193,0.13137179535790514,0.15133884566200917,20.613319688055128
2024-04-24,2,4,2024,106,0.12399152701756995,0.23305842039561103,22.58398185483367
2024-04-25,3,4,2024,88,0.06222897343286401,0.2600709758046813,12.140549316035822
2024-04-26,4,4,2024,158,0.11048920416857479,0.2325329026118711,16.6203958849772
2024-04-27,5,4,2024,91,0.08308416873834851,0.11845695841465145,32.243529087841424
2024-04-28,6,4,2024,191,0.11275996830014792,0.21926430377207368,24.492340009182488
2024-04-29,0,4,2024,171,0.0805367420513364,0.20991673134442873,39.84362073250678
2024-04-30,1,4,2024,182,0.17606786094154003,0.2800642536148543,43.366322972225426
2024-05-01,2,5,2024,124,0.07612900048673805,0.18084794592884185,29.374088819754192
2024-05-02,3,5,2024,195,0.19411708272304656,0.16421621941741002,39.12202814252266
2024-05-03,4,5,2024,125,0.11238610492204112,0.24997015288729324,18.81070309375565
2024-05-04,5,5,2024,58,0.17693679380285743,0.18253506521667934,23.67370469300352
2024-05-05,6,5,2024,123,0.1443147227308918,0.2292192350010126,37.074995429757394
2024-05-06,0,5,2024,194,0.16030254479986292,0.22929001802492138,22.37953967676638
2024-05-07,1,5,2024,56,0.16515858321001706,0.2776078128720235,31.482722082154496
2024-05-08,2,5,2024,190,0.1257267322839527,0.21973848046381947,13.341775058713017
2024-05-09,3,5,2024,186,0.13149507850449327,0.20043072199239736,31.98970917367241
2024-05-10,4,5,2024,76,0.12709938017130876,0.1277742652793034,43.768116825210214
2024-05-11,5,5,2024,171,0.1382087567135119,0.12314752133574108,44.08878379205415
2024-05-12,6,5,2024,54,0.0544091668634761,0.1308643130566159,37.59549828482928
2024-05-13,0,5,2024,78,0.1093272754773523,0.1343696962654189,38.55890205842567
2024-05-14,1,5,2024,132,0.14092830703417575,0.22757541853272678,30.106735031781533
2024-05-15,2,5,2024,185,0.13965853478837967,0.2481962500549157,31.310064057462114
2024-05-16,3,5,2024,158,0.16894341419084474,0.20599830458528373,11.01427616347331
2024-05-17,4,5,2024,114,0.1482514008248163,0.2658035465090982,24.97366347895855
2024-05-18,5,5,2024,135,0.1988199974511009,0.29825264534672663,25.28493277488637
2024-05-19,6,5,2024,194,0.09257817929129676,0.2640025258238712,48.132402605048306
2024-05-20,0,5,2024,120,0.10387265444993474,0.23897647473519182,24.398908818048024
2024-05-21,1,5,2024,94,0.10757707278016945,0.20649853988742933,29.720419020624092
2024-05-22,2,5,2024,181,0.11987192105303729,0.18977061433494163,28.99631296755961
2024-05-23,3,5,2024,85,0.17539970956718143,0.11687847610890847,33.654277266994725
2024-05-24,4,5,2024,119,0.08536881409388149,0.17987374967893818,38.670477409935316
2024-05-25,5,5,2024,68,0.16640003105531442,0.28202692735642687,15.126884427689246
2024-05-26,6,5,2024,157,0.11079652746286152,0.26160452598131057,28.792598859429607
2024-05-27,0,5,2024,140,0.1402783075493013,0.14321027300233743,42.166296829221366
2024-05-28,1,5,2024,139,0.14488107998394595,0.19332155693944317,25.840162122688017
2024-05-29,2,5,2024,68,0.10592729557834019,0.2633446405117089,17.530589586810784
2024-05-30,3,5,2024,88,0.12689228078087078,0.11347691095710451,34.46190839103346
2024-05-31,4,5,2024,175,0.11195467619715457,0.17747851713373186,42.06953281096053
2024-06-01,5,6,2024,190,0.06036991792799292,0.2703682473747895,7.841313181732609
2024-06-02,6,6,2024,175,0.115574808322524,0.18077957283402474,39.95557175332522
2024-06-03,0,6,2024,107,0.06460900888303284,0.11552292894628818,41.974156983279705
2024-06-04,1,6,2024,197,0.11075311986204824,0.20850687370645027,25.768531741487305
2024-06-05,2,6,2024,110,0.1389377599747673,0.2723484989836591,49.24875455683103
2024-06-06,3,6,2024,176,0.13691223490152513,0.21805710859063193,40.40187533182891
2024-06-07,4,6,2024,154,0.14939319185124805,0.14525582164284637,39.81481542030496
2024-06-08,5,6,2024,50,0.06428922619319395,0.17684792402747626,38.65273584854323
2024-06-09,6,6,2024,180,0.1478184868295657,0.19002467223638642,11.777364644822331
2024-06-10,0,6,2024,141,0.09682220850446707,0.21585327076410538,14.775389890385487
2024-06-11,1,6,2024,162,0.10985689192056668,0.2518702051505226,25.879555915899125
2024-06-12,2,6,2024,105,0.1786979380884059,0.11977472352812708,16.880195748175964
2024-06-13,3,6,2024,166,0.05135456061943254,0.27793040660351326,23.68584375503182
2024-06-14,4,6,2024,183,0.13826189500109082,0.10246194060321512,44.98088494653143
2024-06-15,5,6,2024,107,0.13980709701501615,0.17401046693485106,42.094710134567116
2024-06-16,6,6,2024,93,0.10949896645153431,0.10548406199453153,33.3517945315992
2024-06-17,0,6,2024,110,0.08555417856625044,0.17859484506905826,43.61541774129966
2024-06-18,1,6,2024,96,0.08520110573923267,0.20516251977466476,40.26975750577621
2024-06-19,2,6,2024,198,0.1825564504491129,0.20233627731630233,24.30432193284007
2024-06-20,3,6,2024,129,0.11630365606742864,0.13312566940565307,14.04793184224753
2024-06-21,4,6,2024,167,0.09963340444837579,0.22914810201912245,28.139046800420264
2024-06-22,5,6,2024,196,0.11731663607471048,0.10895569010093364,38.13029971378476
2024-06-23,6,6,2024,69,0.15040856021890422,0.25238136402648303,24.638881942831684
2024-06-24,0,6,2024,195,0.07186348523671277,0.2893288867987093,35.004735940275374
2024-06-25,1,6,2024,96,0.11741507528206067,0.16795376543022358,9.244734183096963
2024-06-26,2,6,2024,98,0.13818265566655807,0.20344787634286637,38.66021313671315
2024-06-27,3,6,2024,63,0.1922875032277151,0.17578205561176288,41.57211289518779
2024-06-28,4,6,2024,192,0.0878791673113129,0.101342078060812,36.807703510124355
2024-06-29,5,6,2024,50,0.10388761218743685,0.1771749005790232,48.52686143868645
2024-06-30,6,6,2024,166,0.10690378848836357,0.2583440518522693,42.19934258572882
2024-07-01,0,7,2024,103,0.14083072364673244,0.21919776843669636,45.639217754444225
2024-07-02,1,7,2024,167,0.10350980795600026,0.1202519829230318,47.01069875559416
2024-07-03,2,7,2024,52,0.13002678879495436,0.269427897938757,41.06065963432138
2024-07-04,3,7,2024,193,0.16726854947675443,0.20621706897704856,35.341647890292464
2024-07-05,4,7,2024,61,0.15580783911683055,0.2683446723489352,5.257336161235518
2024-07-06,5,7,2024,123,0.11695529697688785,0.21604430375700587,25.962158895040613
2024-07-07,6,7,2024,65,0.17963242665112533,0.21193768896758797,30.702303438006247
2024-07-08,0,7,2024,151,0.13372103743907943,0.12105183703940248,18.681362260159982
2024-07-09,1,7,2024,166,0.1309858759253319,0.1334719466277256,19.314700110656243
2024-07-10,2,7,2024,57,0.05512816489087373,0.2944050512993182,48.252173706957436
2024-07-11,3,7,2024,171,0.19800394705357427,0.14569734935095416,45.12698893412357
2024-07-12,4,7,2024,141,0.06844562127944401,0.29549042359807354,43.21305524757669
2024-07-13,5,7,2024,139,0.084669636864147,0.20638254130485267,23.27053107677498
2024-07-14,6,7,2024,185,0.057754525586229045,0.12715780941278743,5.616434768401154
2024-07-15,0,7,2024,109,0.14600044502553708,0.11986044055073859,8.610001090507133
2024-07-16,1,7,2024,77,0.08370517654590201,0.141772814141148,19.048836569792165
2024-07-17,2,7,2024,150,0.07700156562090853,0.2851274660050671,5.708431084805464
2024-07-18,3,7,2024,90,0.06328333763348622,0.18283004486564536,5.771740186183915
2024-07-19,4,7,2024,194,0.06549634356860236,0.17908685359858287,46.2471485739085
2024-07-20,5,7,2024,190,0.13770060506638832,0.1626412522140348,36.77713259535743
2024-07-21,6,7,2024,95,0.15323117987998935,0.1294123701133177,18.90301955306687
2024-07-22,0,7,2024,84,0.10960684826966016,0.1975702394384813,10.969005992042892
2024-07-23,1,7,2024,183,0.121984562238811,0.12600955650222773,28.02360730527847
2024-07-24,2,7,2024,131,0.15289516039744763,0.2670960472764655,5.2405772384464
2024-07-25,3,7,2024,164,0.05260696852782195,0.1740793972550613,47.22861847361648
2024-07-26,4,7,2024,96,0.0984695985605418,0.17496071355635928,23.666680372502626
2024-07-27,5,7,2024,59,0.19596466221055198,0.1948012856966312,23.105072985679975
2024-07-28,6,7,2024,105,0.13701683445432022,0.18882554263315032,22.576712341180198
2024-07-29,0,7,2024,79,0.088133686984624,0.2989715946118643,8.119774867449415
2024-07-30,1,7,2024,158,0.12825950699543198,0.2090762242436605,33.72450079063219
2024-07-31,2,7,2024,54,0.10139802321813732,0.11764034075797414,37.985162883275905
2024-08-01,3,8,2024,168,0.12983674832394487,0.221375468315386,35.42564289147306
2024-08-02,4,8,2024,82,0.06886122677099733,0.13031685857397599,11.229597199822745
2024-08-03,5,8,2024,167,0.06990719807289161,0.1061875289462684,31.047807561601665
2024-08-04,6,8,2024,114,0.07153135430590893,0.2941484307354496,30.626801787751422
2024-08-05,0,8,2024,195,0.1909729687890263,0.25470777830691277,44.07848545736219
2024-08-06,1,8,2024,60,0.1599348377512013,0.29602179848275334,22.060744626904114
2024-08-07,2,8,2024,134,0.07435728419934814,0.1955756896044485,21.71686746467454
2024-08-08,3,8,2024,75,0.07825236256484022,0.20645150622979522,32.83371764231835
2024-08-09,4,8,2024,112,0.15962442123063147,0.13366739118382603,33.488269407478086
2024-08-10,5,8,2024,135,0.0734245767188261,0.1493814853335171,26.117835229660567
2024-08-11,6,8,2024,108,0.08518419400022431,0.26770984298056566,24.93767130486895
2024-08-12,0,8,2024,76,0.1945020249230599,0.17123712942351882,27.23664517870472
2024-08-13,1,8,2024,147,0.08829597870926478,0.2653629947592838,43.747038477649035
2024-08-14,2,8,2024,154,0.14924485255567205,0.24180274485740635,25.75251055642595
2024-08-15,3,8,2024,148,0.19679469311007958,0.1354341850543731,47.29693063864201
2024-08-16,4,8,2024,178,0.1061445150709689,0.20148927322394844,27.680169361834672
2024-08-17,5,8,2024,198,0.05262739862930934,0.23547746430374336,47.714031193140116
2024-08-18,6,8,2024,104,0.08662209356335615,0.147007442960765,42.477435584108406
2024-08-19,0,8,2024,55,0.17463157870125584,0.26613770210401533,21.30940951771231
2024-08-20,1,8,2024,144,0.1796913253932555,0.20896553150903735,43.86386395834772
2024-08-21,2,8,2024,182,0.1652779046785687,0.13304841008852064,9.952847789050185
2024-08-22,3,8,2024,151,0.06696647286148597,0.21659688523292048,46.62712289043565
2024-08-23,4,8,2024,52,0.16932655575446048,0.29994276083118276,33.423958178730125
2024-08-24,5,8,2024,72,0.18780166954902566,0.13010429833268272,7.4475836835040035
2024-08-25,6,8,2024,102,0.14009143138193542,0.2633513860239056,33.99155256428652
2024-08-26,0,8,2024,132,0.19113130345070978,0.1414618006375116,48.84114443651403
2024-08-27,1,8,2024,194,0.17402583255678164,0.2564776658920175,8.141029457658302
2024-08-28,2,8,2024,134,0.1500457275486361,0.24691558462428265,29.960946940103884
2024-08-29,3,8,2024,127,0.13657778550676225,0.16009787712008647,38.65074573917176
2024-08-30,4,8,2024,159,0.10228605008629559,0.16516462351288996,41.46163640147891
2024-08-31,5,8,2024,50,0.07389311678642077,0.25850427839258383,23.622235939435814
2024-09-01,6,9,2024,100,0.14074308840358113,0.19228910237746252,14.187495162570935
2024-09-02,0,9,2024,53,0.09771673304271794,0.24616360574236176,6.905402544757273
2024-09-03,1,9,2024,162,0.1799658001291468,0.12959682947316695,31.087677069375115
2024-09-04,2,9,2024,81,0.1990005406037943,0.27051155638031066,25.380998162042484
2024-09-05,3,9,2024,83,0.16286416439233592,0.2421769433364638,47.693497781736994
2024-09-06,4,9,2024,141,0.06357225429305761,0.2813885617669668,7.7272208471709405
2024-09-07,5,9,2024,144,0.09330283932959572,0.1264744758069945,35.84279045507026
2024-09-08,6,9,2024,121,0.06636644476486246,0.21860290007211952,6.1234799954025725
2024-09-09,0,9,2024,88,0.14757674716875738,0.21982411700806503,12.714537951974423
2024-09-10,1,9,2024,167,0.1647786296833677,0.17069214810935648,25.411054996527536
2024-09-11,2,9,2024,52,0.1888512246321068,0.19169328491385157,25.46925992612907
2024-09-12,3,9,2024,172,0.11572585196179816,0.1075963126579707,35.85652443201398
2024-09-13,4,9,2024,99,0.1852063474382667,0.2491720077254024,45.95958656904905
2024-09-14,5,9,2024,61,0.18168367385619916,0.2098644958806348,33.756447151171436
2024-09-15,6,9,2024,103,0.0975793575148098,0.11154821037383476,47.9090794033179
2024-09-16,0,9,2024,182,0.18033509383108565,0.2361511785920971,44.67270379450989
2024-09-17,1,9,2024,106,0.10635083778225898,0.19335641544623758,31.30249079888556
2024-09-18,2,9,2024,194,0.09453039118404213,0.10689225188500001,42.52063779134723
2024-09-19,3,9,2024,161,0.147361198819159,0.29392154536961906,33.91599246456353
2024-09-20,4,9,2024,96,0.09925718418276216,0.2898224286178881,8.535102391567722
2024-09-21,5,9,2024,134,0.14453131224937166,0.2025804832294395,38.325412546677946
2024-09-22,6,9,2024,191,0.1414747708248042,0.11873448414118204,9.270879857030579
2024-09-23,0,9,2024,115,0.13451583910226883,0.2509242443197184,31.733725125637058
2024-09-24,1,9,2024,124,0.10706295563491966,0.1983862200211458,36.6188092636203
2024-09-25,2,9,2024,152,0.1322749582477215,0.16048949565787599,7.993742369488485
2024-09-26,3,9,2024,87,0.13947282124781324,0.19828363550571135,15.385759426693928
2024-09-27,4,9,2024,99,0.13185303327432102,0.2044888290810929,46.20525045177424
2024-09-28,5,9,2024,147,0.11666291791268024,0.21254233980446785,32.73415215048034
2024-09-29,6,9,2024,131,0.05220005855693957,0.18824474273106528,16.082870846473924
2024-09-30,0,9,2024,79,0.13805925615517267,0.2211510606278113,36.0805897016603
2024-10-01,1,10,2024,128,0.07526665777140795,0.2837469421212755,31.854938898276032
2024-10-02,2,10,2024,140,0.14638639534207845,0.17245361741971824,27.57090649630768
2024-10-03,3,10,2024,101,0.16390164918842992,0.24514329264398982,48.928413874463764
2024-10-04,4,10,2024,128,0.12506679636961124,0.27889051136484644,35.7554199833379
2024-10-05,5,10,2024,79,0.13135454974696076,0.1911958551519874,21.89484993505607
2024-10-06,6,10,2024,155,0.1927217839498987,0.1886911672763808,41.00330444345906
2024-10-07,0,10,2024,100,0.17707510420588612,0.2204233970709559,44.80624818145345
2024-10-08,1,10,2024,130,0.18713547739272052,0.2182813518844976,10.634925178257415
2024-10-09,2,10,2024,182,0.17206494324793797,0.2613178684652554,14.024884003036991
2024-10-10,3,10,2024,78,0.06633775127700972,0.19529667675565854,14.730215410750086
2024-10-11,4,10,2024,181,0.07234877839552921,0.29922458992788825,36.10453142239432
2024-10-12,5,10,2024,187,0.12899356959034397,0.11189431377345616,32.13677997739775
2024-10-13,6,10,2024,194,0.08691044881969975,0.10063356971614035,32.85462041143647
2024-10-14,0,10,2024,123,0.12150432125617389,0.22803966231192477,47.334798486027545
2024-10-15,1,10,2024,66,0.10915479857275254,0.15968698247237534,39.916018976328765
2024-10-16,2,10,2024,133,0.132412135764568,0.14807647773989677,10.757161603030243
2024-10-17,3,10,2024,118,0.16203135742037345,0.1623798160008561,20.637818709133146
2024-10-18,4,10,2024,83,0.1573236360648912,0.15120951302099087,24.592714077908102
2024-10-19,5,10,2024,55,0.12818511987280018,0.10615800993208957,22.81827149364222
2024-10-20,6,10,2024,102,0.17335901282255872,0.29430660847811774,35.118887412284565
2024-10-21,0,10,2024,175,0.11462931373070501,0.14414909769055634,45.135189646545314
2024-10-22,1,10,2024,92,0.18450714347601838,0.24680595251786125,18.77231585852546
2024-10-23,2,10,2024,164,0.06069204050827459,0.2525192789388351,29.834471138953354
2024-10-24,3,10,2024,160,0.19319900450499616,0.28585147960144586,40.523423986111354
2024-10-25,4,10,2024,129,0.14820396221470225,0.106109891418676,23.72981264804072
2024-10-26,5,10,2024,144,0.1070111763405808,0.27440966768940156,12.565315777968314
2024-10-27,6,10,2024,167,0.07957311898593161,0.20544523616796004,26.372793436868673
2024-10-28,0,10,2024,193,0.12187748441654,0.22650882199316558,7.485013433436281
2024-10-29,1,10,2024,57,0.07918374847779515,0.22889405542420674,47.40725543010246
2024-10-30,2,10,2024,181,0.07494974116147132,0.2639595609969455,8.366954233773786
2024-10-31,3,10,2024,153,0.14260276361194615,0.1666814644318221,24.730552186276018
2024-11-01,4,11,2024,181,0.12846270868726772,0.24661023797199869,28.844656748983677
2024-11-02,5,11,2024,74,0.15051440519164128,0.20571562194443943,49.338672452927845
2024-11-03,6,11,2024,145,0.18944088161329842,0.25867880286106953,12.470982063928735
2024-11-04,0,11,2024,142,0.12983903200085606,0.2981092065540267,10.149418337556135
2024-11-05,1,11,2024,110,0.13713980798941966,0.14013020348075225,5.391776617814461
2024-11-06,2,11,2024,171,0.06344395087324133,0.2989297283119996,12.000714659118604
2024-11-07,3,11,2024,100,0.15764536788629446,0.1179624308565548,14.327284058045043
2024-11-08,4,11,2024,196,0.10998578102062344,0.10046350958096278,33.376142371239155
2024-11-09,5,11,2024,70,0.19650878579938685,0.10883238723556626,14.886805567613019
2024-11-10,6,11,2024,54,0.17347610233934907,0.16835648094735234,5.923436662819634
2024-11-11,0,11,2024,141,0.12837215607741775,0.22658126613568683,42.19782554761199
2024-11-12,1,11,2024,110,0.0684833981258249,0.11380590817756993,21.451806545178506
2024-11-13,2,11,2024,71,0.1789123689920884,0.10113316290591345,20.916350896133025
2024-11-14,3,11,2024,198,0.16996716431360326,0.2874182056917589,18.611556312556694
2024-11-15,4,11,2024,119,0.07768776943055496,0.2643853271879859,48.89179747158894
2024-11-16,5,11,2024,50,0.09429174338304652,0.26183663422780623,12.655193778917667
2024-11-17,6,11,2024,182,0.16901108872217563,0.2768848551003954,45.42071287789558
2024-11-18,0,11,2024,61,0.07778426698211145,0.24000685455442086,39.95614994629496
2024-11-19,1,11,2024,139,0.18766287337570664,0.1208808259496163,8.441597997469088
2024-11-20,2,11,2024,95,0.11367911377945429,0.1798200376147446,49.40280956753819
2024-11-21,3,11,2024,83,0.0630558443881488,0.2446298972929259,17.211468359255477
2024-11-22,4,11,2024,127,0.17236229652564217,0.1560668921583042,9.436231716008555
2024-11-23,5,11,2024,94,0.10602645245575815,0.2374812728272475,42.31914053565917
2024-11-24,6,11,2024,122,0.12897487912306715,0.10489968965353047,36.800399015496495
2024-11-25,0,11,2024,75,0.06684565166168288,0.16122746817591865,32.774846264505534
2024-11-26,1,11,2024,96,0.05038760222674736,0.2098260672554345,12.019138866451993
2024-11-27,2,11,2024,170,0.14569778086899465,0.22641796590124844,26.532325231518286
2024-11-28,3,11,2024,105,0.12727627555005977,0.21540813289238214,40.12502120992462
2024-11-29,4,11,2024,143,0.13903078536847208,0.2395512552146859,18.66307721647281
2024-11-30,5,11,2024,156,0.16906157755707746,0.10121774964796781,19.026042283176864
2024-12-01,6,12,2024,112,0.14699088701342905,0.1201882399955043,5.141340772165496
2024-12-02,0,12,2024,97,0.07621601642410658,0.273788850455829,12.84095307404208
2024-12-03,1,12,2024,110,0.10411587786658999,0.23634972881803223,44.39325313048254
2024-12-04,2,12,2024,130,0.18588366571816406,0.12258632853720226,24.87859212369682
2024-12-05,3,12,2024,75,0.16549170503775185,0.26841488747971587,49.29055246554953
2024-12-06,4,12,2024,85,0.1334955586905076,0.14844624356491337,22.806858360820666
2024-12-07,5,12,2024,50,0.08834674967139086,0.19565197683904467,37.183390465110854
2024-12-08,6,12,2024,57,0.09530907527521926,0.12903930257693205,17.68635693071281
2024-12-09,0,12,2024,162,0.1597937101378452,0.24202201128434134,21.371433851342008
2024-12-10,1,12,2024,148,0.17767613912791563,0.23337088420285357,13.582669441590259
2024-12-11,2,12,2024,96,0.15071370042959217,0.14222249423322725,20.617806582472774
2024-12-12,3,12,2024,176,0.17142949636526628,0.2726801533714004,29.62568841892894
2024-12-13,4,12,2024,105,0.1649984202800609,0.18026120484394242,49.629779644066225
2024-12-14,5,12,2024,63,0.07245559519354366,0.15850301821414836,34.88907708823035
2024-12-15,6,12,2024,77,0.11359172193699531,0.1304659178929071,13.966067948374132
2024-12-16,0,12,2024,127,0.0729475701242844,0.1532336025031075,7.023264871619801
2024-12-17,1,12,2024,179,0.08528533772029773,0.10440538424476341,10.686041659152977
2024-12-18,2,12,2024,158,0.1803889436976579,0.21665149849122312,30.31498405728713
2024-12-19,3,12,2024,63,0.12093379484497734,0.26844614926878957,39.43221479675449
2024-12-20,4,12,2024,105,0.13030371527639914,0.20979608988832837,47.318864328533614
2024-12-21,5,12,2024,164,0.07676689478416582,0.14385479238477514,5.712042739856937
2024-12-22,6,12,2024,56,0.09684076790731941,0.10673383564277455,28.52420637028414
2024-12-23,0,12,2024,52,0.0845369252641805,0.14292561465176057,26.189031030042955
2024-12-24,1,12,2024,160,0.08092792467776397,0.18322428561421847,34.52247598890668
2024-12-25,2,12,2024,156,0.14569411899739554,0.2519222857399593,30.181048450940388
2024-12-26,3,12,2024,67,0.08853257714685722,0.13756857050755483,35.91676177621163
2024-12-27,4,12,2024,87,0.14480232290306277,0.24395829067093722,34.61371631371357
2024-12-28,5,12,2024,164,0.05876819211628309,0.2733866936703767,10.265527618607578
2024-12-29,6,12,2024,64,0.07126615902906529,0.19078936962167142,40.98730611284238
2024-12-30,0,12,2024,168,0.09118103810001882,0.26428639832851863,10.545465907234618
2024-12-31,1,12,2024,77,0.13955703753435378,0.2109314696070191,36.433878134411174
2025-01-01,2,1,2025,88,0.1513761867631064,0.22741816741618098,23.726541543827302
2025-01-02,3,1,2025,66,0.11640754501692908,0.20525569206764055,28.123283055946906
2025-01-03,4,1,2025,135,0.11686863718658436,0.19263454335026836,45.648410646906974
2025-01-04,5,1,2025,175,0.15867752770979274,0.14693068835516987,45.044767691306895
2025-01-05,6,1,2025,93,0.05237316376483737,0.16063881189220922,41.80353375447633
2025-01-06,0,1,2025,74,0.10116350367113308,0.1579940237887218,27.956677120534547
2025-01-07,1,1,2025,194,0.17280605856788495,0.21265778619076292,38.13079145602249
2025-01-08,2,1,2025,62,0.14048291153200584,0.123990738604778,28.080367498346423
2025-01-09,3,1,2025,74,0.10058406991331306,0.283358338140467,44.13227371136499
2025-01-10,4,1,2025,117,0.18582871884945112,0.24413102905662265,23.124912495480494
2025-01-11,5,1,2025,187,0.1658934091174074,0.18028912618263873,48.66059049866946
2025-01-12,6,1,2025,116,0.08973431708551002,0.1317248289052756,46.95452412029949
2025-01-13,0,1,2025,158,0.14679347562885756,0.27639843394432717,38.372117875330346
2025-01-14,1,1,2025,195,0.13936260922834354,0.26475561802023306,17.57371478792324
2025-01-15,2,1,2025,160,0.11017818710584741,0.24434431054343586,10.924411495696628
2025-01-16,3,1,2025,160,0.10504341188072011,0.15430940948224847,43.461655254193886
2025-01-17,4,1,2025,83,0.1015340712163556,0.1804893274867338,12.438602876208257
2025-01-18,5,1,2025,160,0.14257336750934704,0.12054965049048467,43.44173550488011
2025-01-19,6,1,2025,57,0.11636149047210044,0.13780790494550635,27.08442530205622
2025-01-20,0,1,2025,162,0.17477946698771332,0.2566033274633466,23.29505527136469
2025-01-21,1,1,2025,132,0.1504403924200943,0.24300774377013676,45.64358504754931
2025-01-22,2,1,2025,91,0.06048974085641512,0.21869715259518693,32.173294214312506
2025-01-23,3,1,2025,150,0.14602523357422492,0.2791453451852346,30.9476303208373
2025-01-24,4,1,2025,55,0.09067211547502774,0.2166533035626091,30.144467508097893
2025-01-25,5,1,2025,75,0.13892179874801341,0.19339359999272215,21.702628220878914
2025-01-26,6,1,2025,113,0.1520197896655177,0.16807414926115255,40.353939658810724
2025-01-27,0,1,2025,108,0.08462437837310183,0.28808970114723453,16.375929980709785
2025-01-28,1,1,2025,158,0.11852879673205531,0.1165430923048707,47.250273201857375
2025-01-29,2,1,2025,170,0.07854872942286018,0.2861774744121617,45.229334227113235
2025-01-30,3,1,2025,82,0.05785083136797625,0.2653429319862036,20.18661465537042
2025-01-31,4,1,2025,199,0.10677146352288037,0.12598598490714025,37.82586964242487
2025-02-01,5,2,2025,70,0.10444164077689881,0.2129968715350507,30.795043750231617
2025-02-02,6,2,2025,119,0.19932207360563858,0.27330959634981733,20.19421858996556
2025-02-03,0,2,2025,161,0.11695285267964634,0.21436183272143072,49.4834741597951
2025-02-04,1,2,2025,53,0.10003543242083007,0.2814399643121245,6.135680563171889
2025-02-05,2,2,2025,143,0.13707125100750123,0.2885967633632085,16.3690713779579
2025-02-06,3,2,2025,124,0.06331510911616528,0.18447690443686116,28.403332750001766
2025-02-07,4,2,2025,111,0.194249860393222,0.17546273228126472,28.487885156535373
2025-02-08,5,2,2025,143,0.145244006838655,0.28726423079383134,31.501988372550386
2025-02-09,6,2,2025,144,0.16322567299112717,0.2350280122299336,38.82542774103137
2025-02-10,0,2,2025,104,0.07557169072608763,0.12320453626963386,33.05650237336834
2025-02-11,1,2,2025,186,0.11142167795078059,0.10845834984453624,32.012665723761664
2025-02-12,2,2,2025,180,0.11340336700942844,0.21292581019945261,7.408150831086948
2025-02-13,3,2,2025,80,0.17327096658516306,0.2860341930876849,21.943862950518422
2025-02-14,4,2,2025,89,0.050185501963911416,0.26884974048116367,15.44250828655202
2025-02-15,5,2,2025,85,0.09512796625298828,0.2351695492928673,16.941655022088895
2025-02-16,6,2,2025,55,0.19718545615164562,0.1278231697782175,29.94518634531552
2025-02-17,0,2,2025,115,0.1212329815259328,0.1508462767497391,13.97773917183238
2025-02-18,1,2,2025,124,0.10737894203660125,0.2751022453105232,18.22770954576039
2025-02-19,2,2,2025,53,0.06797435030264695,0.1365614473313801,15.668811883280304
2025-02-20,3,2,2025,128,0.19612469429420237,0.1556878816500869,47.682632444818765
2025-02-21,4,2,2025,183,0.053003953388873676,0.12592013023908838,47.509957947699284
2025-02-22,5,2,2025,167,0.1605770337510865,0.23522164628288222,32.44737013682233
2025-02-23,6,2,2025,162,0.16528997071827628,0.2887964610726419,46.6035110929355
2025-02-24,0,2,2025,143,0.08654850740958,0.15379360631907718,40.361569046076795
2025-02-25,1,2,2025,111,0.1507337665419556,0.19508132157001473,31.547654726081394
2025-02-26,2,2,2025,128,0.0639393716569085,0.22686794794224086,5.289584517355807
2025-02-27,3,2,2025,185,0.08855708996481199,0.29989324964312614,39.76323287357318
2025-02-28,4,2,2025,75,0.16818529824383976,0.12096161299951443,36.611975371481094
2025-03-01,5,3,2025,93,0.17970292880503108,0.19971415990114183,32.68641439770863
2025-03-02,6,3,2025,182,0.1412729618989687,0.17702402398050002,39.21909402571123
2025-03-03,0,3,2025,119,0.12602576477307242,0.273164033044471,28.081497414864458
2025-03-04,1,3,2025,167,0.07389560309284705,0.19519354620233118,36.68374720946026
2025-03-05,2,3,2025,117,0.059466354961872525,0.12219550491702963,47.0827439026922
2025-03-06,3,3,2025,68,0.0676473542710338,0.22688482905731672,21.911225713073883
2025-03-07,4,3,2025,69,0.08410359501441483,0.25415612365277596,36.865482570528144
2025-03-08,5,3,2025,162,0.10125117528453814,0.10057625033312292,26.405951810493143
2025-03-09,6,3,2025,189,0.10713642882664809,0.2717913370841259,35.34798433162917
2025-03-10,0,3,2025,96,0.10194826528835055,0.13720460000113313,39.33020009994639
2025-03-11,1,3,2025,50,0.08585829982958984,0.21041387293067557,7.045362519610818
2025-03-12,2,3,2025,139,0.12645863701275473,0.18315950013749002,34.09701997768978
2025-03-13,3,3,2025,191,0.17379291623493454,0.2439307633221061,15.203353298312505
2025-03-14,4,3,2025,113,0.09195553077072188,0.17423232295714836,35.1514642013405
2025-03-15,5,3,2025,87,0.19135805286533497,0.2739526353363422,26.074858367021605
2025-03-16,6,3,2025,86,0.1810004992585772,0.24609927219175803,39.80987338391992
2025-03-17,0,3,2025,175,0.07426463170281644,0.22954263421258428,10.55303668425184
2025-03-18,1,3,2025,188,0.16794139351356419,0.25924811911257084,33.184505824528785
2025-03-19,2,3,2025,149,0.136188107347665,0.2508046069856764,17.531182801739853
2025-03-20,3,3,2025,126,0.1349863043257128,0.10718773498431067,43.384189789876615
2025-03-21,4,3,2025,52,0.10865641445872617,0.17894687076896562,46.77725775363383
2025-03-22,5,3,2025,183,0.1251729498773015,0.28616145946329796,49.837923215557495
2025-03-23,6,3,2025,59,0.10957681661438166,0.12514485379844525,40.82033310922775
2025-03-24,0,3,2025,54,0.13095989281399145,0.24741931008641024,38.918033169260205
2025-03-25,1,3,2025,187,0.14419250791589538,0.2949183622670659,14.697534149039797
2025-03-26,2,3,2025,179,0.15114557096135728,0.11043972580899433,20.120317654554896
2025-03-27,3,3,2025,62,0.12987217888391395,0.23643877612532208,25.955714379302577
2025-03-28,4,3,2025,179,0.15821331009930978,0.19363082826020606,39.802147150201236
2025-03-29,5,3,2025,133,0.07119170739132588,0.21583505107494444,46.17346392850859
2025-03-30,6,3,2025,114,0.08179737363533579,0.11706826729686498,13.511259501034308
2025-03-31,0,3,2025,112,0.17281025061114053,0.1086013903733879,46.50653681015463
2025-04-01,1,4,2025,150,0.0983791966769623,0.23337333211018432,36.30310935593261
2025-04-02,2,4,2025,122,0.05343407374641804,0.26466188596414353,32.48468288082674
2025-04-03,3,4,2025,66,0.07306867245020467,0.25640306698659343,13.992857207687278
2025-04-04,4,4,2025,58,0.0835421651744467,0.2087611455732475,7.498626476411775
2025-04-05,5,4,2025,192,0.19359843318418812,0.11997336422723565,30.580920432857297
2025-04-06,6,4,2025,87,0.1359562143396274,0.23760888876720276,34.31820574980016
2025-04-07,0,4,2025,143,0.18990961107143822,0.1483777767108292,14.48516522096097
2025-04-08,1,4,2025,144,0.13627450257449375,0.2822137405534767,30.040529262145537
2025-04-09,2,4,2025,98,0.12190316602067779,0.267653071909141,43.54220312431581
2025-04-10,3,4,2025,118,0.09705915367911441,0.24187659341747816,42.5779675454759
2025-04-11,4,4,2025,111,0.14095564166500635,0.28976919116622607,46.73098312638337
2025-04-12,5,4,2025,127,0.07087970369262948,0.10628436430225459,21.46486143005962
2025-04-13,6,4,2025,166,0.1847392440939059,0.2472400850121524,19.31223076479134
2025-04-14,0,4,2025,169,0.17439986077119257,0.16604855586728107,38.72417026913639
2025-04-15,1,4,2025,186,0.09762971718151056,0.281213177137273,24.400058229365225
2025-04-16,2,4,2025,125,0.19291962914019417,0.1533350393323955,8.939689881250128
2025-04-17,3,4,2025,84,0.17378011511233524,0.2449712998630034,17.726050880172487
2025-04-18,4,4,2025,50,0.14994603287525599,0.27552940393015624,23.83620284891701
2025-04-19,5,4,2025,89,0.06826428666879122,0.1083313636765365,18.16323914643134
2025-04-20,6,4,2025,113,0.12173510345721085,0.1795295159184072,19.949250692629473
2025-04-21,0,4,2025,199,0.12591613322701264,0.25246180640438776,18.219915777847582
2025-04-22,1,4,2025,109,0.08488270375480703,0.1909837779015174,6.867462523238575
2025-04-23,2,4,2025,113,0.0619948091538953,0.15345052595871905,33.66926153709991
2025-04-24,3,4,2025,142,0.16650854457075392,0.14396106976463802,31.87815891590612
2025-04-25,4,4,2025,121,0.06830525781865926,0.1263036533832756,34.402257431540626
2025-04-26,5,4,2025,60,0.13914361258426622,0.27142591197125643,13.653945321513236
2025-04-27,6,4,2025,154,0.1904673760825491,0.2150710806503112,18.304454372561835
2025-04-28,0,4,2025,63,0.1814157788897064,0.1152769889982912,32.8827167125215
2025-04-29,1,4,2025,109,0.09166289356238919,0.1765160647141271,31.983240580696464
2025-04-30,2,4,2025,79,0.17771729563268984,0.17354673016102198,27.78486392094205
2025-05-01,3,5,2025,84,0.050049875918073417,0.1363478381418926,20.768596250458884
2025-05-02,4,5,2025,54,0.05265317144198858,0.18710152509443811,46.08189521486105
2025-05-03,5,5,2025,132,0.14038297457642976,0.1664198730786273,20.28966090344797
2025-05-04,6,5,2025,172,0.10471973287167943,0.16836074109843652,25.502862039676323
2025-05-05,0,5,2025,127,0.10796912617387208,0.24780531155759172,35.51512239293939
2025-05-06,1,5,2025,111,0.1346661636018324,0.14465267710103927,29.435964389004386
2025-05-07,2,5,2025,181,0.07876736833877909,0.22837199177107106,20.609868936397348
2025-05-08,3,5,2025,138,0.08176330259982176,0.21412992477618698,24.60401557054294
2025-05-09,4,5,2025,91,0.12269023805282972,0.21361850246757347,40.75163680340778
2025-05-10,5,5,2025,138,0.16313803165157947,0.23260146922835517,17.51581199689756
2025-05-11,6,5,2025,195,0.14292466271113818,0.20967640723913078,11.401485789956695
2025-05-12,0,5,2025,89,0.09460325723552584,0.2758510229692769,19.09234408233997
2025-05-13,1,5,2025,121,0.11455057662633819,0.23511601839005195,43.22903969695556
2025-05-14,2,5,2025,88,0.07559971378249977,0.20939265027427761,9.004537168535599
2025-05-15,3,5,2025,153,0.061194472150562264,0.26595262405752895,49.62632330176033
2025-05-16,4,5,2025,63,0.16740440611162238,0.22122931298669596,29.34513045174481
2025-05-17,5,5,2025,81,0.0898081113782292,0.1582288495570358,49.318058478519234
2025-05-18,6,5,2025,174,0.07666495817768723,0.14141898363531424,47.25483899386899
2025-05-19,0,5,2025,146,0.15374270833539794,0.13046555713253577,25.376617139491255
2025-05-20,1,5,2025,72,0.14270775114307793,0.2798910425092203,13.93209835724071
2025-05-21,2,5,2025,112,0.14497844390201964,0.24202708635961315,12.41981494543123
2025-05-22,3,5,2025,192,0.08433419072699205,0.28747568763286413,15.799521374148087
2025-05-23,4,5,2025,194,0.08489683078440216,0.2206583611429886,36.95596882540418
2025-05-24,5,5,2025,102,0.08312039446784589,0.1946801762989825,17.282749762916954
2025-05-25,6,5,2025,153,0.07606288934934419,0.11194329779417787,20.364137132193424
2025-05-26,0,5,2025,153,0.14835855088424846,0.23432845630920596,25.195046179757664
2025-05-27,1,5,2025,88,0.17720238278741024,0.21644175195364623,46.095470618965535
2025-05-28,2,5,2025,183,0.15864762045149922,0.29804177871752424,13.522703804818073
2025-05-29,3,5,2025,116,0.16881404506408149,0.14783175555644862,5.22619486744114
2025-05-30,4,5,2025,184,0.11071976436277998,0.20614747105736717,7.7043384670176565
2025-05-31,5,5,2025,91,0.14811136930579974,0.2301914670236145,45.71448537560531
2025-06-01,6,6,2025,64,0.10313543606671619,0.22891823494846872,34.138240917951336
2025-06-02,0,6,2025,160,0.12882569329529603,0.21225870858968054,17.286827869751306
2025-06-03,1,6,2025,82,0.12224522698022937,0.2553856020654451,12.9736625455036
2025-06-04,2,6,2025,87,0.07653307177157817,0.14099624190536328,18.242003148670143
2025-06-05,3,6,2025,146,0.10806181405034464,0.24512544005488315,10.165861726307604
2025-06-06,4,6,2025,82,0.19457334132235266,0.22394691428661784,47.368980962799846
2025-06-07,5,6,2025,135,0.08728703865724133,0.27921502235891466,40.28927784643701
2025-06-08,6,6,2025,115,0.07007056044192331,0.2694388878067163,25.807602961064333
2025-06-09,0,6,2025,59,0.1127870932435903,0.16302940782651065,43.92331723018409
2025-06-10,1,6,2025,54,0.16855066037902222,0.15524746499503062,16.225619193195453
2025-06-11,2,6,2025,172,0.13732223446699587,0.2963306647704895,37.27042558124871
2025-06-12,3,6,2025,123,0.1521462240857367,0.2054530361830513,43.525962455618455
2025-06-13,4,6,2025,146,0.07845422722620159,0.28128419278288735,21.054592023047267
2025-06-14,5,6,2025,167,0.14284222895115825,0.13277620475609644,39.085900045282294
2025-06-15,6,6,2025,87,0.09852505923672107,0.22856378296003485,18.278255716893923
2025-06-16,0,6,2025,190,0.17514550489321512,0.2619720374721172,18.448571086656386
2025-06-17,1,6,2025,96,0.14439482090161043,0.28947904991728934,9.817573034938373
2025-06-18,2,6,2025,158,0.0798284416662944,0.1674680282034047,24.802612092922942
2025-06-19,3,6,2025,64,0.059692501976612924,0.2449962339848105,37.837035792384
2025-06-20,4,6,2025,185,0.05639498139305491,0.2077626018079238,47.30993625070782
2025-06-21,5,6,2025,54,0.10571128514752112,0.11212578521329364,32.17086463680933
2025-06-22,6,6,2025,96,0.08987767049814703,0.23799994746178868,43.84109919810825
2025-06-23,0,6,2025,117,0.14691351851937623,0.23801931164756868,42.012259218060215
2025-06-24,1,6,2025,125,0.12490007524679275,0.2861213609693074,12.800437383887639
2025-06-25,2,6,2025,179,0.08990289170080712,0.19946248923379448,26.861784301068415
2025-06-26,3,6,2025,144,0.07238566669252643,0.14605018414210294,10.261559098642616
2025-06-27,4,6,2025,164,0.06907996440311745,0.10891276468973583,35.69689227027357
2025-06-28,5,6,2025,85,0.17969905882106268,0.18312843733718115,47.74548507107342
2025-06-29,6,6,2025,75,0.08652169526073009,0.16038334001550036,11.169025613544044
2025-06-30,0,6,2025,92,0.14775659718664527,0.25221766120477507,38.02474088611436
2025-07-01,1,7,2025,76,0.17160288919793998,0.1708535529682093,33.45071678905374
2025-07-02,2,7,2025,118,0.1421121966777104,0.2898142392629688,31.262226665364487
2025-07-03,3,7,2025,197,0.1789347847470419,0.29246204059755687,22.555410560975265
2025-07-04,4,7,2025,60,0.1088590582292712,0.2241817180435416,20.980924148921567
2025-07-05,5,7,2025,123,0.19343332859734225,0.2857320574029766,7.036213505849954
2025-07-06,6,7,2025,153,0.06997175062671454,0.2521708689028991,14.805891871340606
2025-07-07,0,7,2025,87,0.06532242944863072,0.20937192819502523,5.68295970290721
2025-07-08,1,7,2025,183,0.14880382193111655,0.13606158708455562,31.163769751190923
2025-07-09,2,7,2025,72,0.1914246712119893,0.191719588702768,9.763395614505898
2025-07-10,3,7,2025,96,0.17133251924544923,0.2121748926725235,44.28587273133722
2025-07-11,4,7,2025,139,0.06146252891570772,0.27279231614700206,28.541435931372437
2025-07-12,5,7,2025,95,0.09190515709020747,0.196266675307133,36.48604590764188
2025-07-13,6,7,2025,156,0.18954783272567355,0.2795349345355913,23.48856913282234
2025-07-14,0,7,2025,189,0.0879587649201177,0.23486979580469378,30.22609140504719
2025-07-15,1,7,2025,190,0.16717556356803792,0.12739981261073427,47.419662963498375
2025-07-16,2,7,2025,153,0.17376982938930557,0.2989962738650186,8.723031783065185
2025-07-17,3,7,2025,160,0.12431781551914728,0.2054465321507825,16.427199736566326
2025-07-18,4,7,2025,153,0.10795233647724733,0.17837165928181578,40.09947471097449
2025-07-19,5,7,2025,109,0.11751866486296396,0.2318227528939053,9.443174309719964
2025-07-20,6,7,2025,149,0.08404470415480464,0.12177866279620782,8.404749675684988
2025-07-21,0,7,2025,117,0.18340863741932667,0.22730772935067087,21.269362943931736
2025-07-22,1,7,2025,182,0.1175929485094637,0.1996472000998546,9.147558131259455
2025-07-23,2,7,2025,169,0.182368916068415,0.18133481399971663,31.32852989927914
2025-07-24,3,7,2025,86,0.06585402198594112,0.2906040042357798,15.182386286746992
2025-07-25,4,7,2025,121,0.19824129065001972,0.20450794334641065,45.30640834397175
2025-07-26,5,7,2025,176,0.11649096311654275,0.14382349589398769,40.25750363803655
2025-07-27,6,7,2025,155,0.057174623059115824,0.19179269587545972,36.48673427447643
2025-07-28,0,7,2025,141,0.05570327723561824,0.2838774809145345,32.76248123230259
2025-07-29,1,7,2025,80,0.1619310886222758,0.13521909426611894,43.85595786536585
2025-07-30,2,7,2025,171,0.14885533013055213,0.14279140773764737,15.03779276942406
2025-07-31,3,7,2025,186,0.17031958371913813,0.10260591355141675,44.289897924390246
2025-08-01,4,8,2025,100,0.0658051300929209,0.10283800987915344,40.527153429082354
2025-08-02,5,8,2025,78,0.055335630055332256,0.26587832539170253,38.66723718744585
2025-08-03,6,8,2025,89,0.12628689341713678,0.24642452136859117,30.256505513371582
2025-08-04,0,8,2025,90,0.10813928472241544,0.17100821129039165,16.080987243677004
2025-08-05,1,8,2025,60,0.11929204050064338,0.23966223144551455,24.059656219635336
2025-08-06,2,8,2025,50,0.19873826133054112,0.17904118526199403,40.71067945424607
2025-08-07,3,8,2025,95,0.19561249365060057,0.29057935919956546,6.4300317960796
2025-08-08,4,8,2025,150,0.19134730845097897,0.29341053628520697,40.192284616869124
2025-08-09,5,8,2025,198,0.16757640151515107,0.17855875516186867,15.803183321940493
2025-08-10,6,8,2025,139,0.10322620403853357,0.27084438126817356,11.493914032472137
2025-08-11,0,8,2025,159,0.11181963953941576,0.2546178083394932,10.206559318113598
2025-08-12,1,8,2025,106,0.13244240655783868,0.16199998743435787,6.2262505377866795
2025-08-13,2,8,2025,50,0.174580168460726,0.1464079657802212,28.56139183496538
2025-08-14,3,8,2025,112,0.06030692487774017,0.19164693007856676,14.821694271217826
2025-08-15,4,8,2025,104,0.11364453288273323,0.25626976812288127,49.52442946008342
2025-08-16,5,8,2025,164,0.06239264951889031,0.29203355694574906,30.84965401424926
2025-08-17,6,8,2025,192,0.12719863798602676,0.25271581377331453,11.204837121020468
2025-08-18,0,8,2025,198,0.18483512360093535,0.271041397003674,35.99431433651144
2025-08-19,1,8,2025,102,0.1673727386845907,0.22061286123410329,45.39846049293764
2025-08-20,2,8,2025,186,0.0841763626314665,0.26708156616842516,38.533077291632644
2025-08-21,3,8,2025,106,0.1963986274398189,0.25688417160068355,8.439793746775145
2025-08-22,4,8,2025,166,0.1501025597069643,0.17539710838525602,45.31478815366968
2025-08-23,5,8,2025,84,0.051564154909610464,0.21039806042414422,40.72682236369842
2025-08-24,6,8,2025,112,0.08831202270278293,0.2609506243979389,12.123675504752645
2025-08-25,0,8,2025,74,0.08910699498798749,0.10921134683799127,7.330364992976759
2025-08-26,1,8,2025,139,0.060388145942878994,0.261615856471166,30.078975889143884
2025-08-27,2,8,2025,124,0.19397397771138936,0.13557762480980468,12.02161151029896
2025-08-28,3,8,2025,87,0.12173829418638858,0.20293672342428778,42.55659286678724
2025-08-29,4,8,2025,179,0.18437218960578233,0.2616550879111875,21.12505955022532
2025-08-30,5,8,2025,184,0.09833232551669427,0.15076421563133896,46.08016001314589
2025-08-31,6,8,2025,140,0.06878503556492407,0.1491614878612306,30.45596774634526
2025-09-01,0,9,2025,66,0.1211504164859321,0.18055287969245037,13.220257290785066
2025-09-02,1,9,2025,177,0.06709349520714758,0.27892855951552686,11.281949031191004
2025-09-03,2,9,2025,157,0.122902325446631,0.10008855628744158,30.941259690098924
2025-09-04,3,9,2025,74,0.18804457718291118,0.280276619328387,39.284762533809975
2025-09-05,4,9,2025,137,0.12811522127513192,0.13076140492832156,40.167754148398195
2025-09-06,5,9,2025,78,0.14247495903426255,0.2980172752134964,17.409083199857655
2025-09-07,6,9,2025,112,0.07349576554607125,0.2909693986076936,14.191104151047536
2025-09-08,0,9,2025,199,0.05656034388199543,0.19893503791825667,5.7540337021572086
2025-09-09,1,9,2025,163,0.06662119432697106,0.20254404956252564,35.563961804052624
2025-09-10,2,9,2025,98,0.13977973635265487,0.19630986805517087,8.445571629509255
2025-09-11,3,9,2025,130,0.06425175484884571,0.2270887291319045,23.934254079466662
2025-09-12,4,9,2025,133,0.10639893349119672,0.11814434044698621,32.07569738082333
2025-09-13,5,9,2025,154,0.1325137910687234,0.10652358966831331,47.16990252138547
2025-09-14,6,9,2025,197,0.10829791979447706,0.11154058568317977,19.03109616300959
2025-09-15,0,9,2025,167,0.07455257021979522,0.18887306984830288,16.239747310093392
2025-09-16,1,9,2025,135,0.09106869612711599,0.15510958784389667,34.437206942874425
2025-09-17,2,9,2025,112,0.18924762992728655,0.22440791247419875,32.865756442411175
2025-09-18,3,9,2025,153,0.15139734133795332,0.2984884578749558,19.944940248865606
2025-09-19,4,9,2025,98,0.124407175801983,0.17726463461529318,46.7645825979404
2025-09-20,5,9,2025,120,0.05190723349803403,0.21476825082090267,43.01880473703348
2025-09-21,6,9,2025,50,0.19886231007342053,0.1831207791814671,15.079214563928652
2025-09-22,0,9,2025,190,0.1507182402341965,0.26945433354437187,15.761414544553544
2025-09-23,1,9,2025,172,0.09753837160174175,0.2804472806924476,28.053515609918627
2025-09-24,2,9,2025,111,0.18189029899967574,0.275471122441052,39.81074457788242
2025-09-25,3,9,2025,81,0.08876474304377271,0.2948744477358515,6.981817072480897
2025-09-26,4,9,2025,78,0.13160248687741277,0.10550383702808307,36.2000819180618
